Model,ROUGE-1,ROUGE-2,ROUGE-L,Inference Time (sec),Model Size (GB),TOPSIS_Score,Rank
Pegasus,0.48,0.25,0.45,0.4,2.0,0.7950522426601648,1.0
BART,0.45,0.22,0.4,0.5,1.5,0.6295393912392402,2.0
T5,0.42,0.2,0.37,0.6,1.2,0.5286914680241845,3.0
GPT-3,0.5,0.3,0.47,2.0,10.0,0.5271204607902398,4.0
XLNet,0.38,0.18,0.34,0.8,0.8,0.44431700604084784,5.0
